id,data_criacao,usuario,texto,retweet_count,favorite_count
,,,"RT Milh√µes de brasileiros batalham diariamente para ter o que comer, j√° o STF e Janja esbanjam o dinheiro do pagador de i‚Ä¶",0,0
,,,RT Todos os rem√©dios da Farm√°cia Popular s√£o gratuitos. Todos. H√° 4 anos est√°vamos morrendo como moscas sem ar e vacinas. Faz‚Ä¶,0,0
,,,"RT Milh√µes de brasileiros batalham diariamente para ter o que comer, j√° o STF e Janja esbanjam o dinheiro do pagador de i‚Ä¶",0,0
,,,Ha imposto i dazi lui,0,0
,,,"RT Sem popularidade, Lula quer comprar ‚Äúreportagem‚Äù em ve√≠culos chapa branca. Quer gastar dinheiro dos impostos para comp‚Ä¶",0,0
,,,"Errei no texto! Faltou o N√ÉO. Karol! N√£o estou aqui defendendo A ou B. Mas olha, as vezes, ter ima casa elegante N√ÉO significa que o dinheiro sobra e t√™-la √© sin√¥nimo de mais gastos, pois os impostos s√£o mais elevados.",0,0
,,,"RT SENADOR CLEITINHO , N√ÉO TEM QUE DAR NADA , √â S√ì BAIXAR OS IMPOSTOS ,QUEM VAI PAGAR SOMOS NOS OS QUE PAGA‚Ä¶",0,0
,,,"RT Sem popularidade, Lula quer comprar ‚Äúreportagem‚Äù em ve√≠culos chapa branca. Quer gastar dinheiro dos impostos para comp‚Ä¶",0,0
,,,"RT üá∫üá≤üö®A NOT√çCIA AGORA: A Procuradora-Geral dos EUA Pam Bondi: ""√â direito do presidente controlar o or√ßamento, e estes s√£o os‚Ä¶",0,0
,,,Recordes do governo 2024: Recorde em preju√≠zo das estatais Recorde em repasse da Lei Rouanet Recorde em inc√™ndios na Amaz√¥nia Recorde em inc√™ndios no Pantanal Recorde em aumento de impostos Recorde em mortes por dengue Recorde em hom√≠cidios Recorde em desvaloriza√ß√£o‚Ä¶,0,0
